"site","depth","me","mspe","msne","cor_obspred","cor_predres","rmse"
"birkhowe","1",0.0215604125991653,534.276301150184,1.18996901687107,0.012939744330753,-0.305697922541836,23.1144176035258
"birkhowe","2",-0.483938782203829,343.097360653471,0.762142408496892,0.372110396773321,-0.333597300000194,18.5228874815314
"birkhowe","3",-2.81066920459981,4804.74334611101,0.690648525377303,-0.243174453230813,-0.533286910002196,69.3162560018284
"lowsnab","1",-0.286679808657593,252.070397303126,0.504002937538474,0.821325326112458,-0.109488685259718,15.876725018187
"lowsnab","2",-0.356158549478807,811.493861100606,0.500471746846794,0.812902410467222,-0.126777509093383,28.4867313165376
"lowsnab","3",-0.724832186347392,1203.98619449571,1.10095986533292,0.665921056459308,-0.119414672053318,34.6985042112151
"hollins","1",0.229613278117793,154.599783397892,0.316382162930102,0.821255530035765,-0.0629554647605358,12.4338161236964
"hollins","2",0.017929682210243,133.76957820926,0.710514253441715,0.702415496508023,-0.242104338476009,11.5658799150458
"hollins","3",NA,NA,NA,NA,NA,NA
