"site","depth","me","mspe","msne","cor_obspred","cor_predres","rmse"
"1","1",-0.0981728157831453,633.8582497431,3.82010219526238,0.0762708510151648,-0.490082704142509,25.1765416557378
"1","2",-0.418226072888794,339.428209929427,1.85482957750665,0.366155212556282,-0.31184489099659,18.4235775551174
"1","3",2.41626804283803,4784.63395056608,1.24227005780049,-0.014648746056814,-0.486528760180408,69.1710484998318
"2","1",-0.260720974456538,245.303929202632,1.06039923536895,0.826934896965367,-0.11674175834714,15.6621814956484
"2","2",-0.362340977807204,766.366772211535,0.501857518872767,0.823309019146591,-0.10208616303338,27.6833302225642
"2","3",NA,NA,NA,NA,NA,NA
"3",NA,NA,NA,NA,NA,NA,NA
